Name,MaxHealth,Armor,AttackDamage,MoveSpeedMetersPerSecond,XPReward,School,bMagical,bUndead,bBoss
UndeadMage,24,2,3,3.0,12,Necromancy,True,True,False
SkeletonMage,20,2,4,3.5,12,Fire,True,True,False
StormBloater,18,0,10,3.2,10,Electricity,True,False,False
BloodWitchSpider,16,1,3,4.5,10,Blood,True,False,False
ArcaneSlime,16,0,2,2.5,6,Energy,True,False,False
ArcaneSlimeSmall,6,0,1,3.0,2,Energy,True,False,False
ManaWraith,20,0,3,4.0,14,Energy,True,True,False
VoidStrider,40,4,6,4.0,25,Energy,True,False,False
ArcaneSentinel,50,10,6,2.5,30,Energy,True,False,False
MagmaGolem,60,8,7,2.5,35,Fire,True,False,False
Cultist,22,2,4,3.5,12,Blood,True,False,False
BloodBat,8,0,2,6.0,4,Blood,False,False,False
EtherealWisp,10,0,0,3.0,0,Energy,False,False,False
VoidWeaver,45,4,6,4.0,30,Energy,True,False,False
CorruptedApprentice,120,4,6,3.5,150,Energy,True,False,True
CrystalGolem,300,15,9,2.5,400,Energy,False,False,True
LichKing,450,8,10,3.0,700,Necromancy,False,True,True
StormArchmage,500,6,11,4.0,900,Electricity,False,False,True
InfernalSmith,650,14,12,2.8,1100,Fire,False,False,True
BloodMatriarch,600,6,12,4.5,1300,Blood,False,False,True
ArcaneAvatar,1200,10,14,3.5,3000,Energy,False,False,True
SkeletonServant,12,2,2,4.5,0,Necromancy,False,True,False
BruteServant,40,6,5,3.5,0,Necromancy,False,True,False
