Name,XPToNext,MaxHealthBonus,MaxManaBonus,ManaRegenBonus,SpellPowerBonus,SkillPoints
1,50,0,0,0,0,0
2,141,0.8,2,0.05,1,0
3,260,0.8,2,0.05,1,0
4,400,0.8,2,0.05,1,0
5,559,0.8,2,0.05,1,1
6,735,0.8,2,0.05,1,0
7,926,0.8,2,0.05,1,0
8,1131,0.8,2,0.05,1,0
9,1350,0.8,2,0.05,1,0
10,1581,0.8,2,0.05,1,1
11,1824,0.8,2,0.05,1,0
12,2078,0.8,2,0.05,1,0
13,2344,0.8,2,0.05,1,0
14,2619,0.8,2,0.05,1,0
15,2905,0.8,2,0.05,1,1
16,3200,0.8,2,0.05,1,0
17,3505,0.8,2,0.05,1,0
18,3818,0.8,2,0.05,1,0
19,4141,0.8,2,0.05,1,0
20,4472,0.8,2,0.05,1,1
21,4812,0.8,2,0.05,1,0
22,5159,0.8,2,0.05,1,0
23,5515,0.8,2,0.05,1,0
24,5879,0.8,2,0.05,1,0
25,6250,0.8,2,0.05,1,1
26,6629,0.8,2,0.05,1,0
27,7015,0.8,2,0.05,1,0
28,7408,0.8,2,0.05,1,0
29,7808,0.8,2,0.05,1,0
30,8216,0.8,2,0.05,1,1
31,8630,0.8,2,0.05,1,0
32,9051,0.8,2,0.05,1,0
33,9479,0.8,2,0.05,1,0
34,9913,0.8,2,0.05,1,0
35,10353,0.8,2,0.05,1,1
36,10800,0.8,2,0.05,1,0
37,11253,0.8,2,0.05,1,0
38,11712,0.8,2,0.05,1,0
39,12178,0.8,2,0.05,1,0
40,12649,0.8,2,0.05,1,1
41,13126,0.8,2,0.05,1,0
42,13610,0.8,2,0.05,1,0
43,14098,0.8,2,0.05,1,0
44,14593,0.8,2,0.05,1,0
45,15093,0.8,2,0.05,1,1
46,15599,0.8,2,0.05,1,0
47,16111,0.8,2,0.05,1,0
48,16628,0.8,2,0.05,1,0
49,17150,0.8,2,0.05,1,0
50,0,0.8,2,0.05,1,1
