Name,BonusValue,BonusValue2,PenaltyValue,Threshold,Chance,Notes
Alchemist,0.5,2,0,0,0,Pocoes +BonusValue duracao; bebe BonusValue2x mais rapido; nao usa escudo
ArcaneExplorer,1,0,0.05,0,0,Bussola p/ estrutura inexplorada; +BonusValue item nos baus; -PenaltyValue dano fora de estruturas
BloodTide,0.4,0.4,0.1,0.5,0,Abaixo de Threshold vida: ate +BonusValue dano e +BonusValue2 velocidade; acima de 90%: -PenaltyValue dano
Conductor,0.5,1,0.15,0,0,Raios curam BonusValue do dano e recarregam mana; cadeias +BonusValue2 alvo; -PenaltyValue velocidade na chuva
CursedLuck,3,0,2,0,0.1,Chance de critico x BonusValue; 5% de falha que custa PenaltyValue x mana (Chance=critico)
Gravedigger,0.15,0,0,0,0,Mortos-vivos ignoram ate serem atacados; +BonusValue dano necromantico; animais fogem
HeadInTheClouds,0.3,4,0,0,0,"Planar segurando pulo (BonusValue2 mana/s), sem dano de queda; +BonusValue dano de explosoes"
Leech,0.08,0,0.5,0,0,Corpo a corpo cura BonusValue do dano; regen natural de vida -PenaltyValue (substitui fome)
ShortFuse,0.25,0,0.15,0,0,Recargas -BonusValue; custo de mana +PenaltyValue
StoneSkin,6,0,0.15,0,0,+BonusValue armadura e imune a empurrao; -PenaltyValue velocidade
MinersLuck,1,0.3,0.1,0,0.25,Chance de minerio extra (Chance) e +BonusValue2 de Manita por veio; -PenaltyValue mana maxima
LoneWolf,0.2,0,1,0,0,Sem aliados/servos a 20 m: +BonusValue dano; nao pode invocar servos (PenaltyValue=1)
VoidDancer,6,8,0.1,0,0,Dash de BonusValue m (recarga BonusValue2 s) com invulnerabilidade curta; -PenaltyValue vida maxima
SoulCollector,1,0.02,0.1,0,0,Abates dao almas (ate 20): +BonusValue2 poder magico por alma; perde metade ao morrer; -PenaltyValue XP
Phoenix,0.5,0,0.2,0,0,Renasce 1x por dia com BonusValue da vida; ate renascer de novo -PenaltyValue cura recebida
ManaFuse,0.3,0,0.25,0,0,+BonusValue mana maxima; ao zerar a mana sofre dano igual a PenaltyValue da vida maxima
